location,checkout,dairy,drinks,fruit,spices
checkout,1.0,0.0,0.0,0.0,0.0
dairy,0.3902801358234295,0.0012733446519524619,0.21880305602716468,0.19376061120543295,0.19588285229202038
drinks,0.5373990096429502,0.028146989835809225,0.0,0.21970289288506645,0.21475110763617408
fruit,0.509204857030944,0.23149236192714454,0.1310223266745006,0.00019584802193497845,0.12808460634547592
spices,0.25199786893979753,0.32685135855087905,0.2701118806606287,0.1507725093233884,0.0002663825253063399
