location,checkout,dairy,drinks,entrance,fruit,spices
checkout,1,0,0,0,0,0
dairy,0.392190153,0,0.218378608,0,0.193972835,0.195458404
drinks,0.53739901,0.02814699,0,0,0.219702893,0.214751108
entrance,0,0.293975904,0.150870147,0,0.373493976,0.181659973
fruit,0.509988249,0.231296514,0.130630631,0,0.000391696,0.12769291
spices,0.252530634,0.326851359,0.270111881,0,0.150506126,0
